{"noiseKey":{"private":{"type":"Buffer","data":"yP2KJGTDris24R6TK37D5FL/vxbxtCbkDIjL8wg8gGU="},"public":{"type":"Buffer","data":"r1zJUSFBP+p4LvZ+Bzo91u7FE77u9gWziLcX6/LR5Qc="}},"pairingEphemeralKeyPair":{"private":{"type":"Buffer","data":"SB33bUpmEqPrAam9DRZghKG4fHEx6ICgz+BKgoyttEs="},"public":{"type":"Buffer","data":"70Oouzqn3Bl9XUv/NC5gtqZOcT9C0X1q0Tg4wIW9WiQ="}},"signedIdentityKey":{"private":{"type":"Buffer","data":"OJRuFE5gFs4SbrNS3bLfhYJAl/rXBa/zRz/houwn+Wo="},"public":{"type":"Buffer","data":"LI+JMauio8PwL6agHUI1rCXzIETqiw3TqVZtf9nF5T0="}},"signedPreKey":{"keyPair":{"private":{"type":"Buffer","data":"OEC+gd1mtjns0cZA6ywhOa71UPXKg/6rjjQ72ek+AlQ="},"public":{"type":"Buffer","data":"2BGMOSmxxbSa/mbNEnym3rENLKlkp74kmwAc3W0kvgE="}},"signature":{"type":"Buffer","data":"J0hRcmUbAt+qTGOzuRbFk9z4ViRIdHwxUh4NrzuFNrJ3lAAg29/mxzAUEcxxQc1rNYQDHmLn+AVRHGmy9XclAg=="},"keyId":1},"registrationId":244,"advSecretKey":"Y/hUMFxjlv2nAL3x2o06orKMVCwkRYNSgQ0kqHPt3/4=","processedHistoryMessages":[],"nextPreKeyId":1,"firstUnuploadedPreKeyId":1,"accountSyncCounter":0,"accountSettings":{"unarchiveChats":false},"registered":false,"pairingCode":"CHLPCARW","me":{"id":"01201179431@s.whatsapp.net","name":"~"}}